,Start Time,End Time,Trip Duration,Start Station,End Station,User Type,Gender,Birth Year
1423854,23-06-2017 15:09,23-06-2017 15:14,321,Wood St & Hubbard St,Damen Ave & Chicago Ave,Subscriber,Male,1992
955915,25-05-2017 18:19,25-05-2017 18:45,1610,Theater on the Lake,Sheffield Ave & Waveland Ave,Subscriber,Female,1992
9031,04-01-2017 08:27,04-01-2017 08:34,416,May St & Taylor St,Wood St & Taylor St,Subscriber,Male,1981
304487,06-03-2017 13:49,06-03-2017 13:55,350,Christiana Ave & Lawrence Ave,St. Louis Ave & Balmoral Ave,Subscriber,Male,1986
45207,17-01-2017 14:53,17-01-2017 15:02,534,Clark St & Randolph St,Desplaines St & Jackson Blvd,Subscriber,Male,1975
1473887,26-06-2017 09:01,26-06-2017 09:11,586,Clinton St & Washington Blvd,Canal St & Taylor St,Subscriber,Male,1990
961916,26-05-2017 09:41,26-05-2017 09:46,281,Ashland Ave & Lake St,Wood St & Hubbard St,Subscriber,Female,1983
65924,21-01-2017 14:28,21-01-2017 14:40,723,Larrabee St & Kingsbury St,Larrabee St & Armitage Ave,Customer,,
606841,20-04-2017 16:08,20-04-2017 16:20,689,Sedgwick St & Huron St,Halsted St & Blackhawk St (*),Subscriber,Male,1984
135470,06-02-2017 18:00,06-02-2017 18:09,493,Stetson Ave & South Water St,Clinton St & Washington Blvd,Subscriber,Male,1979
175805,15-02-2017 07:09,15-02-2017 07:14,301,Broadway & Barry Ave,Wilton Ave & Belmont Ave,Subscriber,Female,1993
71678,22-01-2017 15:15,22-01-2017 15:31,917,Southport Ave & Wellington Ave,Clark St & Schiller St,Subscriber,Male,1964
19061,08-01-2017 16:03,08-01-2017 16:07,277,Green St & Madison St,Ada St & Washington Blvd,Subscriber,Male,1961
1023296,30-05-2017 15:46,30-05-2017 15:52,354,Larrabee St & Kingsbury St,Clark St & Elm St,Subscriber,Male,1985
611000,20-04-2017 19:26,20-04-2017 19:35,515,Canal St & Madison St,Racine Ave (May St) & Fulton St,Subscriber,Male,1984
958716,25-05-2017 22:59,25-05-2017 23:07,466,Clark St & Armitage Ave,Sheffield Ave & Wrightwood Ave,Subscriber,Female,1985
718598,03-05-2017 13:20,03-05-2017 13:31,635,Ada St & Washington Blvd,Daley Center Plaza,Subscriber,Male,1967
931608,23-05-2017 08:08,23-05-2017 08:11,164,Damen Ave & Cortland St,Marshfield Ave & Cortland St,Subscriber,Male,1990
1469705,25-06-2017 21:26,25-06-2017 21:33,434,State St & Pearson St,Clark St & Schiller St,Subscriber,Male,1987
475456,08-04-2017 11:37,08-04-2017 11:51,840,Adler Planetarium,Burnham Harbor,Customer,,
849468,16-05-2017 06:36,16-05-2017 06:59,1397,Michigan Ave & Oak St,Halsted St & Wrightwood Ave,Subscriber,Female,1992
1420915,23-06-2017 12:21,23-06-2017 12:32,713,Rush St & Cedar St,Halsted St & Willow St,Subscriber,Male,1985
161454,12-02-2017 15:24,12-02-2017 15:38,854,Clarendon Ave & Leland Ave,Lake Shore Dr & Belmont Ave,Subscriber,Male,1980
1413814,22-06-2017 19:14,22-06-2017 19:29,917,Bissell St & Armitage Ave,Orleans St & Chestnut St (NEXT Apts),Subscriber,Female,1989
717248,03-05-2017 09:41,03-05-2017 09:49,479,Wabash Ave & Roosevelt Rd,Halsted St & Roosevelt Rd,Subscriber,Male,1992
1451810,24-06-2017 20:47,24-06-2017 21:13,1559,Rush St & Cedar St,Halsted St & Roscoe St,Subscriber,Male,1968
385517,23-03-2017 09:38,23-03-2017 09:42,254,Loomis St & Jackson Blvd,Peoria St & Jackson Blvd,Subscriber,Female,1985
1186035,09-06-2017 07:48,09-06-2017 07:52,215,Canal St & Madison St,Clark St & Randolph St,Subscriber,Male,1974
512692,11-04-2017 18:49,11-04-2017 18:59,579,Clinton St & Lake St,Mies van der Rohe Way & Chestnut St,Subscriber,Male,1989
261757,25-02-2017 19:01,25-02-2017 19:08,411,Halsted St & Dickens Ave,Halsted St & Wrightwood Ave,Subscriber,Male,1970
952396,25-05-2017 16:06,25-05-2017 16:12,400,Clinton St & Madison St,Financial Pl & Congress Pkwy,Subscriber,Male,1965
1539334,30-06-2017 10:56,30-06-2017 11:40,2610,McCormick Place,Adler Planetarium,Customer,,
1359055,19-06-2017 17:43,19-06-2017 17:59,978,Larrabee St & Armitage Ave,Dearborn Pkwy & Delaware Pl,Subscriber,Female,1993
1187843,09-06-2017 09:08,09-06-2017 09:15,410,Halsted St & Diversey Pkwy,Sheffield Ave & Waveland Ave,Subscriber,Male,1984
389463,23-03-2017 20:50,23-03-2017 20:57,382,Ellis Ave & 55th St,Kimbark Ave & 53rd St,Subscriber,Female,1993
243879,22-02-2017 15:33,22-02-2017 15:54,1211,Streeter Dr & Grand Ave,Theater on the Lake,Customer,,
165328,13-02-2017 14:17,13-02-2017 14:22,327,University Ave & 57th St,Kimbark Ave & 53rd St,Subscriber,Female,1984
395803,24-03-2017 15:35,24-03-2017 15:46,615,Dearborn St & Erie St,State St & Van Buren St,Subscriber,Male,1989
720062,03-05-2017 16:27,03-05-2017 16:45,1087,Clark St & Elm St,Michigan Ave & Pearson St,Customer,,
93723,26-01-2017 19:45,26-01-2017 19:59,830,McClurg Ct & Erie St,Clinton St & Washington Blvd,Subscriber,Male,1977
1314009,16-06-2017 19:34,16-06-2017 20:16,2499,State St & Van Buren St,McClurg Ct & Erie St,Customer,,
601870,20-04-2017 07:47,20-04-2017 08:03,972,Indiana Ave & Roosevelt Rd,Wacker Dr & Washington St,Subscriber,Male,1992
814960,13-05-2017 14:39,13-05-2017 14:40,83,Humphrey Ave & Ontario St,Humphrey Ave & Ontario St,Subscriber,Male,1987
915409,22-05-2017 05:49,22-05-2017 05:51,92,Clark St & Congress Pkwy,LaSalle St & Jackson Blvd,Subscriber,Male,1967
1372709,20-06-2017 16:14,20-06-2017 16:42,1691,Streeter Dr & Grand Ave,Streeter Dr & Grand Ave,Customer,,
1319064,17-06-2017 10:41,17-06-2017 10:55,853,Fairbanks Ct & Grand Ave,Clinton St & Madison St,Subscriber,Male,1990
461905,06-04-2017 14:58,06-04-2017 15:04,342,Franklin St & Monroe St,Michigan Ave & Washington St,Subscriber,Male,1980
371076,20-03-2017 21:27,20-03-2017 21:39,698,Morgan St & Lake St,Larrabee St & Oak St,Subscriber,Male,1972
906322,21-05-2017 10:03,21-05-2017 10:18,862,McClurg Ct & Illinois St,McClurg Ct & Illinois St,Subscriber,Male,1990
141745,08-02-2017 07:13,08-02-2017 07:16,166,Pine Grove Ave & Irving Park Rd,Clarendon Ave & Gordon Ter,Subscriber,Male,1986
629006,22-04-2017 19:12,22-04-2017 19:15,196,Clark St & Wellington Ave,Halsted St & Diversey Pkwy,Subscriber,Male,1988
724597,04-05-2017 05:46,04-05-2017 06:07,1315,Clark St & Wrightwood Ave,Franklin St & Monroe St,Subscriber,Male,1966
157790,11-02-2017 15:11,11-02-2017 16:30,4710,McCormick Place,Wabash Ave & Wacker Pl,Customer,,
959864,26-05-2017 07:31,26-05-2017 07:38,457,Clinton St & Washington Blvd,State St & Kinzie St,Subscriber,Female,1967
702079,01-05-2017 08:35,01-05-2017 08:49,825,Sedgwick St & North Ave,Michigan Ave & Oak St,Subscriber,Male,1983
239793,22-02-2017 07:51,22-02-2017 08:00,510,Broadway & Barry Ave,Sedgwick St & Webster Ave,Subscriber,Male,1988
1526760,29-06-2017 13:50,29-06-2017 14:10,1157,Lake Shore Dr & Belmont Ave,Lake Shore Dr & North Blvd,Customer,,
697597,29-04-2017 09:46,29-04-2017 10:14,1717,Clark St & Lake St,Ashland Ave & Division St,Subscriber,Female,1986
265806,27-02-2017 07:20,27-02-2017 07:31,650,Clinton St & Washington Blvd,Dearborn St & Erie St,Subscriber,Male,1975
750957,07-05-2017 11:14,07-05-2017 11:20,388,McClurg Ct & Illinois St,Rush St & Superior St,Subscriber,Female,1987
1531732,29-06-2017 17:56,29-06-2017 18:00,230,Lakeview Ave & Fullerton Pkwy,Stockton Dr & Wrightwood Ave,Subscriber,Female,1993
1539175,30-06-2017 10:44,30-06-2017 11:11,1599,Millennium Park,Streeter Dr & Grand Ave,Customer,,
462221,06-04-2017 15:54,06-04-2017 16:00,312,McClurg Ct & Illinois St,State St & Randolph St,Subscriber,Female,1984
402097,26-03-2017 11:40,26-03-2017 11:47,415,McClurg Ct & Erie St,Field Blvd & South Water St,Subscriber,Male,1964
445106,03-04-2017 06:31,03-04-2017 06:43,733,Clinton St & Washington Blvd,Halsted St & Roosevelt Rd,Subscriber,Male,1966
1381495,21-06-2017 06:45,21-06-2017 06:49,243,Clark St & Berwyn Ave,Broadway & Berwyn Ave,Subscriber,Male,1984
739835,05-05-2017 17:49,05-05-2017 18:00,671,Clinton St & Lake St,Ogden Ave & Race Ave,Subscriber,Male,1991
468745,07-04-2017 13:38,07-04-2017 13:44,312,Southport Ave & Roscoe St,Wilton Ave & Belmont Ave,Subscriber,Male,1989
1341523,18-06-2017 16:17,18-06-2017 16:53,2205,Fairbanks Ct & Grand Ave,Adler Planetarium,Customer,,
165501,13-02-2017 14:54,13-02-2017 15:09,863,Wolcott Ave & Polk St,Clinton St & Washington Blvd,Subscriber,Male,1969
954416,25-05-2017 17:24,25-05-2017 17:31,383,Orleans St & Ohio St,Clinton St & Washington Blvd,Subscriber,Male,1981
527768,13-04-2017 17:37,13-04-2017 17:59,1322,Desplaines St & Kinzie St,Sangamon St & Washington Blvd (*),Subscriber,Female,1978
1156328,07-06-2017 13:59,07-06-2017 14:02,201,Sedgwick St & Huron St,Kingsbury St & Kinzie St,Subscriber,Male,1979
132254,06-02-2017 09:36,06-02-2017 09:52,957,Clark St & Leland Ave,Broadway & Ridge Ave,Subscriber,Female,1960
1140644,06-06-2017 15:05,06-06-2017 15:08,197,Halsted St & Willow St,Halsted St & Dickens Ave,Subscriber,Male,1984
887943,18-05-2017 16:39,18-05-2017 16:47,500,Franklin St & Chicago Ave,Franklin St & Lake St,Subscriber,Male,1965
1541842,30-06-2017 13:48,30-06-2017 14:13,1529,Clark St & Lincoln Ave,Clark St & Lake St,Customer,,
959137,26-05-2017 06:04,26-05-2017 06:08,253,Financial Pl & Congress Pkwy,Canal St & Monroe St (*),Subscriber,Male,1963
1243183,12-06-2017 09:43,12-06-2017 09:58,905,State St & Randolph St,Streeter Dr & Grand Ave,Subscriber,Female,1978
1462466,25-06-2017 15:09,25-06-2017 15:30,1282,Paulina St & 18th St,Damen Ave & Chicago Ave,Customer,,
1239988,12-06-2017 06:43,12-06-2017 06:50,392,Ogden Ave & Race Ave,Green St & Madison St,Subscriber,Male,1984
1383677,21-06-2017 08:22,21-06-2017 08:24,108,Wood St & Division St,Ashland Ave & Division St,Subscriber,Male,1990
364649,19-03-2017 22:39,19-03-2017 23:16,2201,Sheridan Rd & Montrose Ave,Clarendon Ave & Junior Ter,Subscriber,Female,1977
1104777,04-06-2017 12:14,04-06-2017 12:39,1512,Clark St & Armitage Ave,Lake Shore Dr & Diversey Pkwy,Subscriber,Female,1989
1128408,05-06-2017 17:39,05-06-2017 18:09,1831,Michigan Ave & Oak St,Clinton St & Roosevelt Rd,Subscriber,Female,1983
635646,23-04-2017 14:28,23-04-2017 15:00,1937,Dusable Harbor,Clark St & Schiller St,Customer,,
200941,18-02-2017 13:35,18-02-2017 14:13,2279,Hampden Ct & Diversey Pkwy,Milwaukee Ave & Wabansia Ave,Customer,,
620450,21-04-2017 19:13,21-04-2017 19:25,737,Aberdeen St & Monroe St,Carpenter St & Huron St,Subscriber,Male,1986
591507,18-04-2017 21:23,18-04-2017 21:50,1656,Sheffield Ave & Waveland Ave,Clark St & Elm St,Subscriber,Female,1989
763995,08-05-2017 17:29,08-05-2017 17:39,627,Franklin St & Jackson Blvd,Franklin St & Chicago Ave,Subscriber,Male,1975
1187636,09-06-2017 08:56,09-06-2017 08:59,172,Wells St & Concord Ln,Wells St & Evergreen Ave,Subscriber,Female,1986
80745,24-01-2017 10:51,24-01-2017 11:12,1208,Streeter Dr & Grand Ave,Canal St & Monroe St (*),Subscriber,Male,1985
760491,08-05-2017 12:00,08-05-2017 12:07,429,Clark St & Lake St,Dearborn St & Erie St,Subscriber,Male,1963
395735,24-03-2017 15:32,24-03-2017 15:52,1249,Sedgwick St & Webster Ave,Western Ave & Winnebago Ave,Subscriber,Female,1964
1063007,02-06-2017 05:52,02-06-2017 05:55,223,Columbus Dr & Randolph St,Wabash Ave & Adams St,Subscriber,Male,1979
1550326,30-06-2017 21:03,30-06-2017 21:27,1479,Streeter Dr & Grand Ave,Wacker Dr & Washington St,Customer,,
422563,29-03-2017 18:02,29-03-2017 18:09,390,State St & Van Buren St,Indiana Ave & Roosevelt Rd,Subscriber,Male,1963
442488,02-04-2017 14:39,02-04-2017 15:01,1330,Sheffield Ave & Webster Ave,Clinton St & Jackson Blvd,Subscriber,Male,1983
919854,22-05-2017 11:44,22-05-2017 12:08,1419,Montrose Harbor,Lake Shore Dr & Belmont Ave,Customer,,
602414,20-04-2017 08:18,20-04-2017 08:26,472,Canal St & Madison St,Michigan Ave & Washington St,Subscriber,Male,1969
1047148,01-06-2017 07:00,01-06-2017 07:04,278,Sangamon St & Washington Blvd (*),Clinton St & Madison St,Subscriber,Male,1987
943779,24-05-2017 17:41,24-05-2017 18:02,1294,Racine Ave & Fullerton Ave,Ravenswood Ave & Lawrence Ave,Subscriber,Male,1988
519940,12-04-2017 16:31,12-04-2017 17:03,1904,Clinton St & Roosevelt Rd,LaSalle St & Washington St,Customer,,
343187,14-03-2017 21:40,14-03-2017 21:53,773,Canal St & Adams St,Columbus Dr & Randolph St,Subscriber,Male,1955
954005,25-05-2017 17:12,25-05-2017 17:16,287,Canal St & Madison St,Desplaines St & Kinzie St,Subscriber,Male,1987
1245581,12-06-2017 13:36,12-06-2017 15:04,5246,Michigan Ave & Oak St,Streeter Dr & Grand Ave,Customer,,
748995,06-05-2017 20:28,06-05-2017 20:46,1097,Clark St & Randolph St,Dearborn St & Erie St,Customer,,
1300491,16-06-2017 00:03,16-06-2017 00:07,237,Wood St & Milwaukee Ave,Damen Ave & Division St,Subscriber,Male,1990
918044,22-05-2017 08:50,22-05-2017 09:01,652,Dearborn Pkwy & Delaware Pl,Clinton St & Washington Blvd,Subscriber,Male,1987
1516878,28-06-2017 18:26,28-06-2017 18:32,387,Daley Center Plaza,Clinton St & Lake St,Subscriber,Male,1988
1489599,27-06-2017 07:47,27-06-2017 07:53,381,Ogden Ave & Race Ave,Green St & Madison St,Subscriber,Male,1984
850260,16-05-2017 07:32,16-05-2017 07:56,1452,Broadway & Barry Ave,LaSalle St & Illinois St,Subscriber,Male,1993
1385684,21-06-2017 10:25,21-06-2017 10:42,1056,Desplaines St & Randolph St,State St & Harrison St,Subscriber,Male,1991
253396,23-02-2017 16:10,23-02-2017 16:27,987,McClurg Ct & Erie St,State St & Harrison St,Subscriber,Male,1988
120684,02-02-2017 17:51,02-02-2017 18:04,752,State St & Van Buren St,Fairbanks Ct & Grand Ave,Subscriber,Female,1998
803235,12-05-2017 16:52,12-05-2017 17:05,798,Franklin St & Lake St,Wells St & Evergreen Ave,Subscriber,Male,1991
555503,15-04-2017 19:21,15-04-2017 19:33,737,Southport Ave & Wrightwood Ave,Southport Ave & Waveland Ave,Subscriber,Female,1983
7325,03-01-2017 17:57,03-01-2017 18:06,523,Artesian Ave & Hubbard St,Damen Ave & Augusta Blvd,Subscriber,Male,1989
264023,26-02-2017 15:54,26-02-2017 16:49,3336,Michigan Ave & Jackson Blvd,Michigan Ave & Jackson Blvd,Customer,,
1316159,16-06-2017 23:30,16-06-2017 23:39,556,Fairbanks Ct & Grand Ave,Wacker Dr & Washington St,Subscriber,Male,1994
1647,01-01-2017 21:06,01-01-2017 21:10,268,Sedgwick St & Webster Ave,Halsted St & Wrightwood Ave,Subscriber,Male,1984
42280,16-01-2017 14:54,16-01-2017 15:09,865,Field Museum,Millennium Park,Subscriber,Male,1992
178170,15-02-2017 14:45,15-02-2017 14:59,843,State St & Van Buren St,Clinton St & 18th St,Subscriber,Male,1985
1204934,10-06-2017 09:59,10-06-2017 10:17,1116,Wells St & Polk St,Dusable Harbor,Subscriber,Male,1977
1135183,06-06-2017 08:06,06-06-2017 08:26,1223,Damen Ave & Foster Ave,Broadway & Granville Ave,Subscriber,Female,1992
1473181,26-06-2017 08:30,26-06-2017 10:38,7701,Lake Shore Dr & Monroe St,Wacker Dr & Washington St,Customer,,
128571,05-02-2017 12:17,05-02-2017 12:25,481,Lake Shore Dr & Wellington Ave,Broadway & Barry Ave,Subscriber,Male,1959
1068054,02-06-2017 11:51,02-06-2017 12:09,1051,Ogden Ave & Chicago Ave,Clark St & Elm St,Subscriber,Female,1982
1325099,17-06-2017 15:01,17-06-2017 15:20,1152,Wabash Ave & 8th St,MLK Jr Dr & 29th St,Subscriber,Male,1992
1521567,29-06-2017 07:39,29-06-2017 07:46,401,Canal St & Monroe St (*),Michigan Ave & Washington St,Subscriber,Male,1979
111009,31-01-2017 18:21,31-01-2017 18:28,442,Ravenswood Ave & Lawrence Ave,Lincoln Ave & Belle Plaine Ave,Subscriber,Male,1967
962850,26-05-2017 11:29,26-05-2017 11:44,898,Orleans St & Merchandise Mart Plaza,Bissell St & Armitage Ave,Subscriber,Male,1993
1544175,30-06-2017 15:47,30-06-2017 15:56,536,Clark St & Randolph St,Clark St & Elm St,Subscriber,Male,1988
1424947,23-06-2017 16:01,23-06-2017 16:24,1391,Hermitage Ave & Polk St,Ashland Ave & Augusta Blvd,Subscriber,Male,1993
461569,06-04-2017 13:37,06-04-2017 13:42,306,Desplaines St & Jackson Blvd,Wacker Dr & Washington St,Subscriber,Male,1964
1171313,08-06-2017 11:13,08-06-2017 11:30,1070,McClurg Ct & Erie St,Ritchie Ct & Banks St,Subscriber,Male,1969
533191,14-04-2017 12:00,14-04-2017 12:22,1327,St. Clair St & Erie St,Lake Shore Dr & Monroe St,Customer,,
325584,09-03-2017 13:08,09-03-2017 13:14,365,Financial Pl & Congress Pkwy,Michigan Ave & Jackson Blvd,Subscriber,Male,1955
769275,09-05-2017 12:58,09-05-2017 13:10,684,Franklin St & Chicago Ave,St. Clair St & Erie St,Subscriber,Male,1980
694437,28-04-2017 17:26,28-04-2017 17:31,339,Paulina St & Howard St,Ridge Blvd & Touhy Ave,Subscriber,Male,1977
1092892,03-06-2017 16:31,03-06-2017 16:39,487,Damen Ave & Cortland St,Humboldt Blvd & Armitage Ave,Subscriber,Female,1988
343559,15-03-2017 07:30,15-03-2017 07:36,359,Wood St & Milwaukee Ave,Marshfield Ave & Cortland St,Subscriber,Male,1989
580692,18-04-2017 07:58,18-04-2017 08:09,673,Clinton St & Madison St,Dearborn St & Erie St,Subscriber,Male,1971
18745,08-01-2017 13:23,08-01-2017 13:28,333,State St & Harrison St,Wells St & Polk St,Subscriber,Male,1954
794580,12-05-2017 05:51,12-05-2017 05:58,434,Ashland Ave & Wrightwood Ave,Sheffield Ave & Fullerton Ave,Subscriber,Male,1990
1372380,20-06-2017 15:55,20-06-2017 16:03,474,Ogden Ave & Congress Pkwy,Ashland Ave & Grand Ave,Subscriber,Male,1984
862604,16-05-2017 19:21,16-05-2017 19:35,849,Oakley Ave & Irving Park Rd,Damen Ave & Clybourn Ave,Subscriber,Female,1955
273417,28-02-2017 07:39,28-02-2017 07:45,359,Kingsbury St & Kinzie St,Michigan Ave & Lake St,Subscriber,Male,1991
418094,29-03-2017 07:27,29-03-2017 07:33,362,LaSalle St & Illinois St,Fairbanks Ct & Grand Ave,Subscriber,Male,1989
1160651,07-06-2017 17:29,07-06-2017 17:46,987,Daley Center Plaza,Kingsbury St & Erie St,Subscriber,Male,1957
1314112,16-06-2017 19:41,16-06-2017 20:08,1621,Lake Shore Dr & Monroe St,Clinton St & 18th St,Customer,,
632189,23-04-2017 11:37,23-04-2017 12:53,4569,Lake Shore Dr & Monroe St,Streeter Dr & Grand Ave,Customer,,
543142,15-04-2017 11:38,15-04-2017 14:49,11482,State St & Pearson St,State St & Pearson St,Customer,,
564538,16-04-2017 16:59,16-04-2017 17:25,1582,Pine Grove Ave & Irving Park Rd,Lake Shore Dr & North Blvd,Subscriber,Male,1986
1447928,24-06-2017 17:27,24-06-2017 17:36,517,Wabash Ave & 16th St,Federal St & Polk St,Subscriber,Male,1988
1161837,07-06-2017 18:01,07-06-2017 18:24,1374,Franklin St & Monroe St,Cannon Dr & Fullerton Ave,Subscriber,Male,1988
994753,28-05-2017 17:34,28-05-2017 17:51,999,Halsted St & Roscoe St,Broadway & Ridge Ave,Subscriber,Male,1970
1509851,28-06-2017 08:42,28-06-2017 08:54,721,California Ave & Milwaukee Ave,Central Park Ave & North Ave,Subscriber,Male,1988
1404482,22-06-2017 11:04,22-06-2017 11:21,987,Ashland Ave & Division St,Damen Ave & Madison St,Customer,,
823105,14-05-2017 07:14,14-05-2017 07:19,279,Greenwood Ave & 47th St,Cottage Grove Ave & 47th St,Subscriber,Male,1966
575431,17-04-2017 16:50,17-04-2017 16:57,419,Michigan Ave & Washington St,Canal St & Adams St,Subscriber,Male,1981
746374,06-05-2017 15:36,06-05-2017 15:49,810,McClurg Ct & Erie St,Lake Shore Dr & North Blvd,Subscriber,Male,1993
863352,16-05-2017 20:04,16-05-2017 20:26,1292,Montrose Harbor,Halsted St & Wrightwood Ave,Subscriber,Male,1993
1181708,08-06-2017 19:24,08-06-2017 20:04,2381,Streeter Dr & Grand Ave,Clark St & Armitage Ave,Customer,,
298198,05-03-2017 13:21,05-03-2017 13:33,713,Kingsbury St & Kinzie St,Aberdeen St & Monroe St,Subscriber,Female,1988
1123292,05-06-2017 12:51,05-06-2017 13:08,1009,Wells St & Concord Ln,Franklin St & Monroe St,Subscriber,Female,1991
266375,27-02-2017 08:06,27-02-2017 08:13,434,Canal St & Adams St,Clark St & Lake St,Subscriber,Male,1979
77795,23-01-2017 18:50,23-01-2017 18:56,387,Indiana Ave & Roosevelt Rd,Michigan Ave & Washington St,Subscriber,Male,1990
559665,16-04-2017 11:57,16-04-2017 11:59,159,Wabash Ave & Grand Ave,LaSalle St & Illinois St,Subscriber,Male,1989
626308,22-04-2017 15:22,22-04-2017 15:28,359,Wilton Ave & Belmont Ave,Racine Ave & Belmont Ave,Customer,,
1271313,13-06-2017 21:45,13-06-2017 21:54,512,Franklin St & Jackson Blvd,Kingsbury St & Erie St,Subscriber,Male,1986
1163770,07-06-2017 19:17,07-06-2017 19:29,720,LaSalle St & Jackson Blvd,Dearborn St & Erie St,Subscriber,Male,1973
148057,09-02-2017 12:40,09-02-2017 12:44,251,Broadway & Berwyn Ave,Clark St & Berwyn Ave,Subscriber,Male,1987
657136,25-04-2017 08:47,25-04-2017 08:57,604,Kingsbury St & Erie St,McClurg Ct & Erie St,Subscriber,Male,1976
275028,28-02-2017 10:03,28-02-2017 10:16,795,Damen Ave & Augusta Blvd,Winchester Ave & Elston Ave,Subscriber,Male,1972
395402,24-03-2017 15:10,24-03-2017 15:19,555,Franklin St & Monroe St,Aberdeen St & Monroe St,Subscriber,Male,1987
854604,16-05-2017 12:48,16-05-2017 13:03,895,Wells St & Huron St,McClurg Ct & Illinois St,Customer,,
409936,27-03-2017 18:35,27-03-2017 18:43,514,Racine Ave & Belmont Ave,Broadway & Waveland Ave,Subscriber,Male,1965
975576,27-05-2017 14:44,27-05-2017 14:48,256,Millennium Park,Millennium Park,Customer,,
417778,29-03-2017 06:40,29-03-2017 06:53,809,Columbus Dr & Randolph St,Morgan St & Lake St,Subscriber,Male,1987
1509730,28-06-2017 08:38,28-06-2017 08:48,589,Sangamon St & Washington Blvd (*),Michigan Ave & Washington St,Subscriber,Male,1973
215696,19-02-2017 14:30,19-02-2017 14:34,275,Clark St & Randolph St,State St & Kinzie St,Subscriber,Male,1988
377052,21-03-2017 18:17,21-03-2017 18:32,877,Larrabee St & Oak St,Aberdeen St & Monroe St,Subscriber,Female,1985
1127445,05-06-2017 17:13,05-06-2017 17:35,1319,Cannon Dr & Fullerton Ave,Michigan Ave & Oak St,Customer,,
301682,06-03-2017 07:11,06-03-2017 07:17,336,Western Ave & Howard St,Paulina St & Howard St,Subscriber,Male,1977
1186684,09-06-2017 08:15,09-06-2017 08:22,434,Fairbanks Ct & Grand Ave,Millennium Park,Subscriber,Male,1965
221550,20-02-2017 08:15,20-02-2017 08:28,777,Woodlawn Ave & Lake Park Ave,University Ave & 57th St,Subscriber,Male,1965
16793,06-01-2017 20:23,06-01-2017 20:27,279,Sheffield Ave & Wellington Ave,Lincoln Ave & Diversey Pkwy,Subscriber,Male,1990
571747,17-04-2017 11:26,17-04-2017 11:43,1012,Wood St & Taylor St,Orleans St & Ohio St,Subscriber,Male,1986
711092,02-05-2017 16:44,02-05-2017 17:06,1307,Mies van der Rohe Way & Chicago Ave,Lake Shore Dr & Belmont Ave,Customer,,
393400,24-03-2017 12:29,24-03-2017 12:48,1166,Southport Ave & Wellington Ave,Lake Shore Dr & North Blvd,Subscriber,Female,1984
1454517,25-06-2017 08:38,25-06-2017 08:49,640,Burnham Harbor,Fort Dearborn Dr & 31st St,Subscriber,Male,1967
1212399,10-06-2017 14:53,10-06-2017 15:26,1963,Morgan St & Lake St,Green St & Randolph St,Customer,,
1094613,03-06-2017 17:30,03-06-2017 18:03,1932,Marshfield Ave & Cortland St,Albany Ave & Bloomingdale Ave,Customer,,
1081012,02-06-2017 23:57,03-06-2017 00:01,196,Lincoln Ave & Leavitt St,Leavitt St & Lawrence Ave,Subscriber,Male,1973
1309333,16-06-2017 16:31,16-06-2017 16:34,180,Canal St & Madison St,Canal St & Madison St,Subscriber,Female,1991
1191766,09-06-2017 13:38,09-06-2017 13:57,1184,Orleans St & Merchandise Mart Plaza,Sedgwick St & Webster Ave,Subscriber,Male,1956
1470562,26-06-2017 05:48,26-06-2017 05:55,415,Peoria St & Jackson Blvd,LaSalle St & Adams St,Subscriber,Male,1992
427496,31-03-2017 08:25,31-03-2017 08:39,796,Clinton St & Jackson Blvd,Racine Ave (May St) & Fulton St,Subscriber,Male,1983
835329,15-05-2017 07:40,15-05-2017 07:53,790,Canal St & Madison St,Columbus Dr & Randolph St,Subscriber,Male,1968
1085268,03-06-2017 11:38,03-06-2017 11:51,743,Fairbanks Ct & Grand Ave,Streeter Dr & Grand Ave,Customer,,
891684,18-05-2017 18:42,18-05-2017 18:47,262,Dayton St & North Ave,Bissell St & Armitage Ave,Subscriber,Male,1979
52837,18-01-2017 21:57,18-01-2017 22:25,1670,St. Louis Ave & Balmoral Ave,Kedzie Ave & Palmer Ct,Subscriber,Male,1978
812487,13-05-2017 12:53,13-05-2017 13:29,2124,St. Clair St & Erie St,Theater on the Lake,Customer,,
1258288,13-06-2017 08:24,13-06-2017 08:36,704,Canal St & Monroe St (*),Rush St & Hubbard St,Subscriber,Male,1969
598304,19-04-2017 17:27,19-04-2017 17:39,721,Calumet Ave & 21st St,Michigan Ave & Jackson Blvd,Subscriber,Female,1989
1218504,10-06-2017 19:16,10-06-2017 19:25,528,Canal St & Madison St,Peoria St & Jackson Blvd,Subscriber,Female,1990
899010,19-05-2017 18:55,19-05-2017 19:11,980,Rush St & Superior St,Canal St & Adams St,Subscriber,Female,1962
58222,20-01-2017 08:33,20-01-2017 08:38,274,Kedzie Ave & Palmer Ct,California Ave & Milwaukee Ave,Subscriber,Female,1988
413784,28-03-2017 13:39,28-03-2017 13:45,339,Canal St & Madison St,Michigan Ave & Madison St,Subscriber,Male,1988
56772,19-01-2017 17:20,19-01-2017 17:34,837,Western Ave & Winnebago Ave,Western Ave & Walton St,Subscriber,Male,1956
702303,01-05-2017 08:46,01-05-2017 08:50,242,Clinton St & Madison St,Desplaines St & Randolph St,Subscriber,Male,1967
772419,09-05-2017 17:42,09-05-2017 17:54,702,Columbus Dr & Randolph St,Clinton St & Madison St,Subscriber,Male,1987
1268616,13-06-2017 18:35,13-06-2017 18:54,1164,McClurg Ct & Erie St,Ogden Ave & Race Ave,Subscriber,Female,1989
414196,28-03-2017 15:21,28-03-2017 15:36,865,Ashland Ave & 13th St,Racine Ave & 13th St,Subscriber,Male,1988
1257019,13-06-2017 07:34,13-06-2017 07:46,748,Clinton St & Madison St,Loomis St & Jackson Blvd,Subscriber,Male,1971
509620,11-04-2017 15:40,11-04-2017 16:04,1445,Clinton St & Madison St,Wallace St & 35th St,Subscriber,Male,1988
898201,19-05-2017 17:15,19-05-2017 17:28,813,McClurg Ct & Erie St,Milwaukee Ave & Grand Ave,Subscriber,Male,1970
1239991,12-06-2017 06:43,12-06-2017 06:49,354,Clark St & Schreiber Ave,Clark St & Lunt Ave,Subscriber,Female,1984
1299450,15-06-2017 21:15,15-06-2017 21:30,872,State St & Van Buren St,May St & Taylor St,Subscriber,Male,1994
453739,04-04-2017 16:26,04-04-2017 16:27,82,Pine Grove Ave & Waveland Ave,Pine Grove Ave & Waveland Ave,Customer,,
790922,11-05-2017 17:43,11-05-2017 18:02,1132,Orleans St & Ohio St,Damen Ave & Augusta Blvd,Subscriber,Male,1986
1085784,03-06-2017 11:59,03-06-2017 12:10,682,Wells St & Concord Ln,Racine Ave & Fullerton Ave,Subscriber,Male,1989
490159,09-04-2017 13:16,09-04-2017 13:40,1479,Kedzie Ave & Milwaukee Ave,Milwaukee Ave & Wabansia Ave,Customer,,
721853,03-05-2017 17:43,03-05-2017 17:50,418,Clinton St & Washington Blvd,Carpenter St & Huron St,Subscriber,Male,1978
918533,22-05-2017 09:25,22-05-2017 09:29,213,Paulina Ave & North Ave,Ashland Ave & Division St,Subscriber,Male,1969
955116,25-05-2017 17:48,25-05-2017 17:53,304,Broadway & Barry Ave,Lake Shore Dr & Belmont Ave,Subscriber,Male,1952
241771,22-02-2017 11:29,22-02-2017 11:33,245,Aberdeen St & Jackson Blvd,Morgan St & Polk St,Subscriber,Female,1988
730251,04-05-2017 17:12,04-05-2017 17:19,406,Orleans St & Merchandise Mart Plaza,LaSalle St & Jackson Blvd,Subscriber,Female,1981
696034,28-04-2017 19:38,28-04-2017 19:53,882,Michigan Ave & Jackson Blvd,Fairbanks Ct & Grand Ave,Customer,,
1421659,23-06-2017 13:06,23-06-2017 13:27,1268,Lake Shore Dr & North Blvd,Dusable Harbor,Customer,,
852040,16-05-2017 08:48,16-05-2017 08:58,570,Kingsbury St & Kinzie St,McClurg Ct & Illinois St,Subscriber,Female,1989
391555,24-03-2017 08:41,24-03-2017 08:50,534,Clinton St & Washington Blvd,Financial Pl & Congress Pkwy,Subscriber,Male,1963
864976,16-05-2017 23:24,16-05-2017 23:29,300,Blackstone Ave & Hyde Park Blvd,Ellis Ave & 53rd St,Subscriber,Male,1987
1188,01-01-2017 16:09,01-01-2017 16:16,388,Cornell Ave & Hyde Park Blvd,Greenwood Ave & 47th St,Subscriber,Male,1966
680234,26-04-2017 21:01,26-04-2017 21:13,706,Leavitt St & Armitage Ave,Sheffield Ave & Fullerton Ave,Subscriber,Female,1992
42046,16-01-2017 11:29,16-01-2017 11:43,844,Pine Grove Ave & Waveland Ave,Ravenswood Ave & Montrose Ave (*),Subscriber,Female,1990
111057,31-01-2017 18:26,31-01-2017 18:40,837,Franklin St & Monroe St,McClurg Ct & Illinois St,Subscriber,Female,1988
959056,26-05-2017 05:32,26-05-2017 05:37,259,Bissell St & Armitage Ave,Marshfield Ave & Cortland St,Subscriber,Male,1993
1340146,18-06-2017 15:24,18-06-2017 15:43,1147,Lake Shore Dr & Belmont Ave,Michigan Ave & Oak St,Subscriber,Male,1990
1170295,08-06-2017 09:28,08-06-2017 10:29,3705,Streeter Dr & Grand Ave,Halsted St & Wrightwood Ave,Customer,,
832285,14-05-2017 17:55,14-05-2017 18:14,1128,Green St & Randolph St,Clark St & Schiller St,Subscriber,Female,1985
785638,11-05-2017 09:33,11-05-2017 09:55,1357,Larrabee St & Armitage Ave,Ashland Ave & Harrison St,Subscriber,Male,1988
175166,14-02-2017 21:03,14-02-2017 21:12,536,Ellis Ave & 60th St,Kimbark Ave & 53rd St,Subscriber,Female,1981
116341,01-02-2017 18:00,01-02-2017 18:09,525,Franklin St & Jackson Blvd,Morgan St & Polk St,Subscriber,Male,1989
23796,10-01-2017 07:41,10-01-2017 07:51,570,Michigan Ave & Washington St,Morgan St & Lake St,Subscriber,Male,1986
1015409,29-05-2017 21:40,29-05-2017 21:50,603,Michigan Ave & 14th St,McCormick Place,Subscriber,Female,1991
883420,18-05-2017 10:52,18-05-2017 11:08,901,State St & Kinzie St,McClurg Ct & Erie St,Customer,,
334159,10-03-2017 22:17,10-03-2017 22:37,1225,Damen Ave & Augusta Blvd,Lincoln Ave & Diversey Pkwy,Subscriber,Male,1988
665918,25-04-2017 18:39,25-04-2017 18:41,131,Lake Shore Dr & Wellington Ave,Lake Shore Dr & Wellington Ave,Subscriber,Female,1987
797762,12-05-2017 10:08,12-05-2017 10:24,946,Clinton St & Tilden St,Columbus Dr & Randolph St,Subscriber,Male,1962
393341,24-03-2017 12:24,24-03-2017 12:53,1765,Streeter Dr & Grand Ave,Clark St & Armitage Ave,Customer,,
877080,17-05-2017 18:49,17-05-2017 19:24,2058,Pine Grove Ave & Waveland Ave,Montrose Harbor,Customer,,
73287,23-01-2017 07:21,23-01-2017 07:32,685,Artesian Ave & Hubbard St,Racine Ave (May St) & Fulton St,Subscriber,Male,1972
1225949,11-06-2017 11:41,11-06-2017 11:47,365,Broadway & Waveland Ave,Clarendon Ave & Gordon Ter,Subscriber,Female,1991
142117,08-02-2017 07:54,08-02-2017 07:58,272,Paulina St & Montrose Ave,Ravenswood Ave & Lawrence Ave,Subscriber,Male,1988
3680,02-01-2017 23:40,02-01-2017 23:45,305,Lincoln Ave & Diversey Pkwy,Lincoln Ave & Belmont Ave,Subscriber,Male,1987
859359,16-05-2017 17:23,16-05-2017 17:36,736,Rhodes Ave & 32nd St,Shields Ave & 31st St,Subscriber,Male,1991
717090,03-05-2017 09:21,03-05-2017 09:24,176,Clinton St & Tilden St,Jefferson St & Monroe St,Subscriber,Male,1990
1516788,28-06-2017 18:21,28-06-2017 18:30,539,Franklin St & Monroe St,Wabash Ave & Roosevelt Rd,Subscriber,Male,1989
502616,10-04-2017 15:14,10-04-2017 15:24,601,Rhodes Ave & 32nd St,Wentworth Ave & 35th St,Subscriber,Male,1994
484589,08-04-2017 19:33,08-04-2017 19:45,726,Michigan Ave & 14th St,Canal St & Taylor St,Customer,,
1401967,22-06-2017 08:13,22-06-2017 08:31,1046,Theater on the Lake,Sheridan Rd & Irving Park Rd,Subscriber,Female,1994
897368,19-05-2017 14:21,19-05-2017 14:23,178,LaSalle St & Washington St,Canal St & Madison St,Subscriber,Male,1968
142096,08-02-2017 07:52,08-02-2017 08:10,1091,Milwaukee Ave & Wabansia Ave,Peoria St & Jackson Blvd,Subscriber,Male,1983
286790,02-03-2017 17:44,02-03-2017 17:46,160,Sheridan Rd & Irving Park Rd,Pine Grove Ave & Irving Park Rd,Subscriber,Male,1980
1119208,05-06-2017 08:02,05-06-2017 08:18,960,Ashland Ave & Chicago Ave,Canal St & Monroe St (*),Subscriber,Male,1969
1000454,29-05-2017 09:45,29-05-2017 10:03,1049,Cannon Dr & Fullerton Ave,Cannon Dr & Fullerton Ave,Customer,,
1257622,13-06-2017 07:59,13-06-2017 08:05,355,Halsted St & Willow St,Larrabee St & Division St,Subscriber,Male,1985
85518,25-01-2017 08:19,25-01-2017 08:21,103,Clark St & Wellington Ave,Sheffield Ave & Wellington Ave,Subscriber,Male,1988
177479,15-02-2017 11:18,15-02-2017 11:38,1191,Lincoln Ave & Belle Plaine Ave,Western Ave & Leland Ave,Subscriber,Female,1964
1331570,18-06-2017 06:20,18-06-2017 06:36,994,Clarendon Ave & Gordon Ter,Stockton Dr & Wrightwood Ave,Subscriber,Male,1983
660930,25-04-2017 15:06,25-04-2017 15:11,279,Benson Ave & Church St,University Library (NU),Subscriber,Male,1989
26335,10-01-2017 20:10,10-01-2017 20:15,286,Damen Ave & Pierce Ave,Ashland Ave & Division St,Subscriber,Male,1983
298949,05-03-2017 14:45,05-03-2017 15:03,1108,Sheffield Ave & Wellington Ave,Wood St & Milwaukee Ave,Subscriber,Female,1982
789566,11-05-2017 16:56,11-05-2017 17:07,633,Michigan Ave & Washington St,Canal St & Adams St,Subscriber,Male,1969
113646,01-02-2017 09:13,01-02-2017 09:16,188,Sheffield Ave & Fullerton Ave,Halsted St & Wrightwood Ave,Subscriber,Male,1997
500061,10-04-2017 08:02,10-04-2017 08:13,632,Wabash Ave & Wacker Pl,LaSalle St & Illinois St,Customer,,
407075,27-03-2017 12:05,27-03-2017 12:09,197,Clinton St & Washington Blvd,Franklin St & Monroe St,Subscriber,Male,1967
218306,19-02-2017 16:21,19-02-2017 16:36,890,State St & Kinzie St,Wabash Ave & Roosevelt Rd,Subscriber,Male,1991
119101,02-02-2017 12:33,02-02-2017 12:40,387,Franklin St & Lake St,Dearborn St & Monroe St,Subscriber,Male,1946
1318441,17-06-2017 09:46,17-06-2017 10:04,1090,Dayton St & North Ave,Wood St & Milwaukee Ave,Subscriber,Female,1992
1024744,30-05-2017 16:56,30-05-2017 17:00,262,Cottage Grove Ave & 43rd St,Woodlawn Ave & Lake Park Ave,Subscriber,Male,1989
986517,28-05-2017 10:18,28-05-2017 11:22,3856,Broadway & Sheridan Rd,Clark St & Elm St,Customer,,
750663,07-05-2017 10:41,07-05-2017 12:26,6333,Michigan Ave & Congress Pkwy,Streeter Dr & Grand Ave,Customer,,
767209,09-05-2017 07:32,09-05-2017 07:55,1377,Troy St & Elston Ave,Sheffield Ave & Wellington Ave,Subscriber,Female,1985
380935,22-03-2017 15:08,22-03-2017 15:16,522,Rush St & Cedar St,Clark St & Lake St,Subscriber,Male,1983
242264,22-02-2017 12:35,22-02-2017 12:39,269,Sedgwick St & Huron St,Clark St & Chicago Ave,Subscriber,Male,1968
1048635,01-06-2017 08:13,01-06-2017 08:15,89,Franklin St & Lake St,Orleans St & Merchandise Mart Plaza,Subscriber,Male,1971
259241,24-02-2017 18:06,24-02-2017 18:11,312,Halsted St & Roosevelt Rd,Blue Island Ave & 18th St,Subscriber,Male,1992
1156048,07-06-2017 13:37,07-06-2017 13:43,360,Sedgwick St & North Ave,Lake Shore Dr & North Blvd,Subscriber,Male,1967
89092,25-01-2017 19:39,25-01-2017 19:42,167,Halsted St & Willow St,Sheffield Ave & Kingsbury St,Subscriber,Male,1984
1043685,31-05-2017 19:07,31-05-2017 19:26,1145,Indiana Ave & Roosevelt Rd,900 W Harrison St,Subscriber,Male,1980
1499817,27-06-2017 17:24,27-06-2017 17:42,1068,Racine Ave (May St) & Fulton St,Wells St & Elm St,Subscriber,Male,1985
236346,21-02-2017 17:42,21-02-2017 17:50,524,Clark St & Congress Pkwy,Michigan Ave & 18th St,Subscriber,Male,1978
1472215,26-06-2017 07:52,26-06-2017 07:57,317,Damen Ave & Augusta Blvd,Damen Ave & Grand Ave,Subscriber,Female,1992
436316,01-04-2017 15:31,01-04-2017 15:41,586,California Ave & North Ave,Wood St & Milwaukee Ave,Subscriber,Male,1989
351986,17-03-2017 06:18,17-03-2017 06:25,416,Clinton St & Madison St,State St & Van Buren St,Subscriber,Male,1960
688473,28-04-2017 07:45,28-04-2017 07:52,413,Canal St & Madison St,Michigan Ave & Washington St,Subscriber,Male,1992
511427,11-04-2017 17:35,11-04-2017 17:47,767,Wells St & Concord Ln,Lake Shore Dr & Diversey Pkwy,Subscriber,Female,1989
197665,18-02-2017 11:22,18-02-2017 11:51,1766,Lake Shore Dr & Ohio St,Clark St & Lincoln Ave,Subscriber,Male,1953
499816,10-04-2017 07:39,10-04-2017 07:52,791,Loomis St & Jackson Blvd,Wabash Ave & 8th St,Subscriber,Male,1961
572941,17-04-2017 13:23,17-04-2017 13:35,696,Franklin St & Lake St,Sedgwick St & North Ave,Subscriber,Male,1968
469944,07-04-2017 16:09,07-04-2017 16:20,652,Canal St & Monroe St (*),Wabash Ave & Wacker Pl,Subscriber,Female,1982
259208,24-02-2017 18:02,24-02-2017 18:11,543,Canal St & Madison St,Orleans St & Elm St (*),Subscriber,Male,1981
306624,06-03-2017 17:47,06-03-2017 18:03,951,Clinton St & Washington Blvd,Clinton St & 18th St,Subscriber,Male,1982
1063719,02-06-2017 07:12,02-06-2017 07:20,432,Clinton St & Washington Blvd,Rush St & Hubbard St,Subscriber,Male,1982
541420,15-04-2017 10:20,15-04-2017 10:56,2154,Lakefront Trail & Bryn Mawr Ave,Montrose Harbor,Customer,,
636455,23-04-2017 15:03,23-04-2017 15:17,827,Wells St & Polk St,Dearborn Pkwy & Delaware Pl,Subscriber,Male,1983
804329,12-05-2017 17:28,12-05-2017 17:37,501,Wabash Ave & Roosevelt Rd,Michigan Ave & Jackson Blvd,Subscriber,Female,1991
1365147,20-06-2017 07:30,20-06-2017 07:40,558,Troy St & North Ave,Damen Ave & Pierce Ave,Subscriber,Female,1986
428458,31-03-2017 12:19,31-03-2017 12:36,1050,McCormick Place,Daley Center Plaza,Subscriber,Male,1985
698770,30-04-2017 02:27,30-04-2017 02:32,281,Paulina Ave & North Ave,Damen Ave & Pierce Ave,Subscriber,Male,1991
326052,09-03-2017 15:01,09-03-2017 15:11,596,Wabash Ave & 8th St,Wabash Ave & 16th St,Subscriber,Male,1966
490655,09-04-2017 13:37,09-04-2017 15:00,5002,Streeter Dr & Grand Ave,Streeter Dr & Grand Ave,Customer,,
517983,12-04-2017 12:46,12-04-2017 12:57,637,Clark St & Lincoln Ave,Bissell St & Armitage Ave,Subscriber,Female,1994
310985,07-03-2017 11:32,07-03-2017 11:37,266,Wabash Ave & Adams St,Franklin St & Monroe St,Subscriber,Male,1969
1210336,10-06-2017 13:36,10-06-2017 14:03,1628,Oakley Ave & Roscoe St,Lake Shore Dr & Belmont Ave,Customer,,
676591,26-04-2017 17:07,26-04-2017 17:09,150,Halsted St & Archer Ave,Emerald Ave & 28th St,Subscriber,Female,1964
296895,05-03-2017 10:20,05-03-2017 10:36,933,Marshfield Ave & Cortland St,Troy St & North Ave,Subscriber,Male,1982
741417,05-05-2017 21:05,05-05-2017 21:10,298,Lincoln Ave & Leavitt St,Lincoln Ave & Belle Plaine Ave,Subscriber,Male,1985
241055,22-02-2017 09:19,22-02-2017 09:26,422,Wells St & Polk St,Daley Center Plaza,Subscriber,Male,1987
118806,02-02-2017 10:22,02-02-2017 10:25,186,Franklin St & Lake St,Franklin St & Monroe St,Subscriber,Male,1967
973156,27-05-2017 13:15,27-05-2017 13:53,2242,Broadway & Barry Ave,Kingsbury St & Kinzie St,Subscriber,Male,1990
1384980,21-06-2017 09:19,21-06-2017 09:23,191,Orleans St & Elm St (*),Clark St & Elm St,Subscriber,Male,1988
200171,18-02-2017 13:08,18-02-2017 13:12,245,Lombard Ave & Garfield St,East Ave & Garfield St,Customer,,
1544413,30-06-2017 15:58,30-06-2017 16:13,893,Kedzie Ave & Foster Ave,Christiana Ave & Lawrence Ave,Subscriber,Male,1971
927351,22-05-2017 18:24,22-05-2017 18:38,833,Streeter Dr & Grand Ave,Theater on the Lake,Customer,,
701234,01-05-2017 07:45,01-05-2017 08:07,1338,Morgan St & 31st St,Franklin St & Jackson Blvd,Subscriber,Male,1986
438631,01-04-2017 19:43,01-04-2017 19:47,268,Broadway & Barry Ave,Broadway & Cornelia Ave,Subscriber,Male,1980
616661,21-04-2017 14:11,21-04-2017 14:20,489,Wolcott Ave & Polk St,May St & Taylor St,Subscriber,Male,1992
543417,15-04-2017 11:48,15-04-2017 12:19,1875,Shedd Aquarium,Lake Park Ave & 47th St,Subscriber,Female,1990
1351383,19-06-2017 08:54,19-06-2017 09:03,503,Stetson Ave & South Water St,Kingsbury St & Erie St,Subscriber,Male,1989
189761,17-02-2017 13:13,17-02-2017 13:17,240,Shedd Aquarium,Adler Planetarium,Subscriber,Female,1971
743340,06-05-2017 11:17,06-05-2017 11:24,404,Winchester Ave & Elston Ave,Damen Ave & Pierce Ave,Customer,,
212151,19-02-2017 12:04,19-02-2017 12:15,654,Broadway & Wilson Ave,Montrose Harbor,Subscriber,Male,1992
1540393,30-06-2017 12:20,30-06-2017 12:34,848,Wacker Dr & Washington St,Wabash Ave & 8th St,Subscriber,Male,1991
116380,01-02-2017 18:05,01-02-2017 18:10,285,Wilton Ave & Diversey Pkwy,Hampden Ct & Diversey Pkwy,Subscriber,Male,1984
1248344,12-06-2017 16:45,12-06-2017 16:55,594,Stetson Ave & South Water St,Canal St & Madison St,Subscriber,Male,1971
760944,08-05-2017 13:05,08-05-2017 13:22,1032,Halsted St & Maxwell St,Wabash Ave & Roosevelt Rd,Subscriber,Female,1949
1508620,28-06-2017 07:59,28-06-2017 08:20,1283,Canal St & Adams St,Shedd Aquarium,Subscriber,Female,1992
11199,04-01-2017 19:03,04-01-2017 19:12,565,Greenview Ave & Jarvis Ave,Sheridan Rd & Loyola Ave,Subscriber,Male,1981
303229,06-03-2017 09:11,06-03-2017 09:21,610,Canal St & Madison St,Columbus Dr & Randolph St,Subscriber,Male,1972
758858,08-05-2017 08:36,08-05-2017 08:50,862,Marshfield Ave & Cortland St,Wells St & Huron St,Subscriber,Male,1982
932889,23-05-2017 11:12,23-05-2017 11:40,1684,State St & Harrison St,Adler Planetarium,Customer,,
335902,11-03-2017 16:18,11-03-2017 16:30,697,Ashland Ave & Lake St,Sangamon St & Washington Blvd (*),Subscriber,Female,1964
563198,16-04-2017 15:49,16-04-2017 15:55,354,Ashland Ave & Blackhawk St,Ashland Ave & Chicago Ave,Subscriber,Male,1992
383605,22-03-2017 22:15,22-03-2017 22:22,390,Lake Shore Dr & Belmont Ave,Clarendon Ave & Gordon Ter,Subscriber,Male,1988
724471,04-05-2017 01:03,04-05-2017 01:31,1705,Halsted St & Polk St,Halsted St & Diversey Pkwy,Subscriber,Female,1987
1445535,24-06-2017 16:03,24-06-2017 16:19,942,Desplaines St & Kinzie St,Clinton St & Madison St,Customer,,
1153802,07-06-2017 10:07,07-06-2017 10:15,512,Canal St & Adams St,State St & Randolph St,Subscriber,Male,1976
879717,18-05-2017 06:18,18-05-2017 06:22,256,Ogden Ave & Chicago Ave,Larrabee St & Kingsbury St,Subscriber,Male,1987
624582,22-04-2017 13:07,22-04-2017 13:09,138,Greenview Ave & Diversey Pkwy,Southport Ave & Wrightwood Ave,Subscriber,Male,1996
973777,27-05-2017 13:38,27-05-2017 13:49,623,Orleans St & Elm St (*),Bissell St & Armitage Ave,Subscriber,Male,1991
876863,17-05-2017 18:38,17-05-2017 18:44,413,Sheffield Ave & Fullerton Ave,Clark St & Wrightwood Ave,Subscriber,Female,1991
747402,06-05-2017 16:57,06-05-2017 18:19,4919,Shedd Aquarium,Franklin St & Monroe St,Customer,,
460077,06-04-2017 08:26,06-04-2017 08:32,352,Sangamon St & Washington Blvd (*),Clinton St & Madison St,Subscriber,Male,1985
904012,20-05-2017 19:58,20-05-2017 20:28,1800,Streeter Dr & Grand Ave,Cityfront Plaza Dr & Pioneer Ct,Customer,,
789399,11-05-2017 16:49,11-05-2017 17:07,1075,Michigan Ave & Oak St,Clinton St & Washington Blvd,Subscriber,Female,1984
1523738,29-06-2017 09:07,29-06-2017 09:21,835,Clark St & Elm St,Kingsbury St & Erie St,Subscriber,Male,1995
872790,17-05-2017 16:06,17-05-2017 16:19,779,Franklin St & Jackson Blvd,Larrabee St & Kingsbury St,Subscriber,Male,1963
1153153,07-06-2017 09:07,07-06-2017 09:13,393,Michigan Ave & Oak St,Streeter Dr & Grand Ave,Subscriber,Male,1992
582074,18-04-2017 09:13,18-04-2017 09:29,958,Canal St & Monroe St (*),Franklin St & Chicago Ave,Subscriber,Male,1961
69116,21-01-2017 19:36,21-01-2017 19:47,690,Broadway & Cornelia Ave,Broadway & Argyle St,Subscriber,Male,1988
1339761,18-06-2017 15:08,18-06-2017 15:27,1107,Indiana Ave & 31st St,Burnham Harbor,Subscriber,Female,1989
524731,13-04-2017 11:28,13-04-2017 11:39,669,Michigan Ave & Oak St,Streeter Dr & Grand Ave,Customer,,
25278,10-01-2017 16:49,10-01-2017 16:53,261,Franklin St & Monroe St,Clark St & Congress Pkwy,Subscriber,Male,1968
1084182,03-06-2017 10:51,03-06-2017 11:15,1424,Lake Shore Dr & Ohio St,Lake Shore Dr & Monroe St,Customer,,
1264007,13-06-2017 16:03,13-06-2017 16:22,1156,LaSalle St & Adams St,Ogden Ave & Race Ave,Subscriber,Male,1973
1290697,15-06-2017 14:43,15-06-2017 14:51,482,Chicago Ave & Sheridan Rd,University Library (NU),Subscriber,Male,1997
188165,17-02-2017 08:55,17-02-2017 09:03,475,Stetson Ave & South Water St,Franklin St & Lake St,Subscriber,Female,1990
1066754,02-06-2017 09:58,02-06-2017 10:01,177,Sheffield Ave & Kingsbury St,Halsted St & Willow St,Subscriber,Male,1994
1112185,04-06-2017 17:25,04-06-2017 17:41,947,Lake Shore Dr & North Blvd,McClurg Ct & Illinois St,Subscriber,Female,1967
811988,13-05-2017 12:30,13-05-2017 12:40,560,Wells St & Concord Ln,Cannon Dr & Fullerton Ave,Subscriber,Male,1980
690063,28-04-2017 09:26,28-04-2017 09:38,669,Wells St & Evergreen Ave,Halsted St & Blackhawk St (*),Customer,,
681220,27-04-2017 07:59,27-04-2017 08:12,766,Canal St & Adams St,Orleans St & Ohio St,Subscriber,Male,1965
849614,16-05-2017 06:50,16-05-2017 06:53,186,Claremont Ave & Hirsch St,Damen Ave & Pierce Ave,Subscriber,Female,1986
770435,09-05-2017 16:02,09-05-2017 16:11,555,Canal St & Monroe St (*),Dearborn St & Erie St,Subscriber,Male,1989
296488,05-03-2017 08:09,05-03-2017 08:27,1052,Greenview Ave & Diversey Pkwy,Theater on the Lake,Subscriber,Male,1993
1401698,22-06-2017 08:03,22-06-2017 08:17,841,McClurg Ct & Illinois St,Larrabee St & Oak St,Subscriber,Male,1992
207580,18-02-2017 17:52,18-02-2017 18:02,584,Clinton St & 18th St,Morgan Ave & 14th Pl,Customer,,
1116581,04-06-2017 22:43,04-06-2017 23:16,1988,Columbus Dr & Randolph St,Racine Ave & Wrightwood Ave,Subscriber,Female,1977
129976,05-02-2017 17:21,05-02-2017 17:36,912,Lake Shore Dr & Monroe St,Burnham Harbor,Customer,,
65411,21-01-2017 13:55,21-01-2017 14:00,299,Sheridan Rd & Montrose Ave,Broadway & Sheridan Rd,Subscriber,Female,1995
260958,25-02-2017 13:06,25-02-2017 13:19,774,Broadway & Argyle St,Damen Ave & Leland Ave,Subscriber,Male,1993
341762,14-03-2017 08:30,14-03-2017 08:42,674,Clark St & Lake St,Dearborn Pkwy & Delaware Pl,Subscriber,Female,1964
763544,08-05-2017 17:10,08-05-2017 17:18,488,Michigan Ave & Washington St,Clinton St & Madison St,Subscriber,Female,1964
678968,26-04-2017 18:48,26-04-2017 19:24,2127,Clark St & Lake St,Campbell Ave & North Ave,Subscriber,Male,1989
809604,13-05-2017 10:27,13-05-2017 10:45,1085,Clinton St & Madison St,Michigan Ave & Lake St,Customer,,
9466,04-01-2017 10:17,04-01-2017 10:27,573,Wolcott Ave & Polk St,Ada St & Washington Blvd,Subscriber,Female,1988
1274764,14-06-2017 08:21,14-06-2017 08:32,630,Clinton St & Washington Blvd,Columbus Dr & Randolph St,Subscriber,Male,1962
189197,17-02-2017 12:03,17-02-2017 12:10,433,McClurg Ct & Erie St,Wabash Ave & Grand Ave,Subscriber,Female,1991
983602,27-05-2017 21:10,27-05-2017 21:15,309,Clark St & Armitage Ave,Bissell St & Armitage Ave,Subscriber,Female,1987
1530478,29-06-2017 17:18,29-06-2017 17:28,579,Kingsbury St & Erie St,Morgan St & Lake St,Subscriber,Female,1983
892877,18-05-2017 19:48,18-05-2017 19:52,289,California Ave & Milwaukee Ave,Humboldt Blvd & Armitage Ave,Subscriber,Female,1992
309381,07-03-2017 07:56,07-03-2017 08:06,634,Clinton St & Washington Blvd,St. Clair St & Erie St,Subscriber,Male,1959
665356,25-04-2017 18:13,25-04-2017 18:36,1351,Clinton St & Washington Blvd,Damen Ave & Pierce Ave,Subscriber,Male,1975
356907,18-03-2017 07:57,18-03-2017 08:06,557,Indiana Ave & 26th St,Wabash Ave & 8th St,Subscriber,Male,1990
234788,21-02-2017 16:35,21-02-2017 16:51,959,Clark St & Randolph St,Loomis St & Taylor St (*),Subscriber,Male,1984
800308,12-05-2017 14:05,12-05-2017 14:12,403,Wacker Dr & Washington St,State St & Kinzie St,Subscriber,Male,1968
146774,09-02-2017 07:28,09-02-2017 07:31,176,Campbell Ave & Montrose Ave,Rockwell St & Eastwood Ave,Subscriber,Male,1980
1450044,24-06-2017 18:55,24-06-2017 19:18,1386,St. Clair St & Erie St,Adler Planetarium,Customer,,
1270501,13-06-2017 20:25,13-06-2017 20:32,406,Lake Shore Dr & Belmont Ave,Halsted St & Roscoe St,Subscriber,Male,1983
1521727,29-06-2017 07:46,29-06-2017 08:00,839,Southport Ave & Belmont Ave,Leavitt St & Armitage Ave,Subscriber,Female,1990
945234,24-05-2017 19:24,24-05-2017 19:34,592,Damen Ave & Clybourn Ave,Halsted St & Diversey Pkwy,Subscriber,Male,1990
569630,17-04-2017 08:11,17-04-2017 08:22,621,Wabash Ave & Roosevelt Rd,Canal St & Adams St,Subscriber,Male,1967
326132,09-03-2017 15:18,09-03-2017 15:27,574,Sheridan Rd & Noyes St (NU),Benson Ave & Church St,Subscriber,Male,1992
1098437,03-06-2017 20:34,03-06-2017 20:47,801,Humboldt Blvd & Armitage Ave,Damen Ave & Pierce Ave,Subscriber,Male,1967
51909,18-01-2017 18:03,18-01-2017 18:19,955,Sedgwick St & Huron St,Halsted St & Wrightwood Ave,Subscriber,Male,1973
71771,22-01-2017 15:38,22-01-2017 15:42,263,Racine Ave & Belmont Ave,Halsted St & Diversey Pkwy,Subscriber,Male,1986
382061,22-03-2017 17:23,22-03-2017 17:38,873,Rush St & Superior St,Clinton St & Madison St,Subscriber,Male,1981
1108600,04-06-2017 14:54,04-06-2017 15:01,408,Columbus Dr & Randolph St,Dearborn St & Monroe St,Subscriber,Male,1959
620865,21-04-2017 20:37,21-04-2017 20:44,403,Broadway & Cornelia Ave,Pine Grove Ave & Irving Park Rd,Subscriber,Male,1989
960967,26-05-2017 08:28,26-05-2017 08:31,201,Fairbanks Ct & Grand Ave,Wabash Ave & Grand Ave,Subscriber,Female,1991
34740,13-01-2017 10:29,13-01-2017 10:35,380,Lincoln Ave & Leavitt St,Ravenswood Ave & Montrose Ave (*),Subscriber,Female,1964
39985,15-01-2017 12:22,15-01-2017 12:36,819,Indiana Ave & Roosevelt Rd,Burnham Harbor,Subscriber,Male,1993
274981,28-02-2017 09:54,28-02-2017 10:05,672,Morgan St & Polk St,Clinton St & 18th St,Subscriber,Male,1989
454589,04-04-2017 17:14,04-04-2017 17:34,1226,Wilton Ave & Diversey Pkwy,State St & Kinzie St,Subscriber,Male,1980
16567,06-01-2017 18:12,06-01-2017 18:25,805,Daley Center Plaza,Mies van der Rohe Way & Chestnut St,Subscriber,Male,1964
1188332,09-06-2017 09:49,09-06-2017 10:07,1047,Dusable Harbor,Franklin St & Chicago Ave,Subscriber,Female,1989
498235,09-04-2017 20:17,09-04-2017 20:36,1191,Clark St & Touhy Ave,Chicago Ave & Washington St,Customer,,
223399,20-02-2017 11:49,20-02-2017 12:02,792,Dayton St & North Ave,Ashland Ave & Chicago Ave,Subscriber,Male,1984
1127343,05-06-2017 17:11,05-06-2017 17:26,918,Stetson Ave & South Water St,Peoria St & Jackson Blvd,Subscriber,Female,1994
1084900,03-06-2017 11:24,03-06-2017 11:36,737,Lake Shore Dr & Wellington Ave,Pine Grove Ave & Waveland Ave,Subscriber,Female,1971
1367868,20-06-2017 09:17,20-06-2017 09:31,807,Clark St & Congress Pkwy,State St & Randolph St,Subscriber,Female,1989
177054,15-02-2017 09:09,15-02-2017 09:18,511,Wabash Ave & Wacker Pl,Franklin St & Quincy St,Subscriber,Male,1982
566700,16-04-2017 19:22,16-04-2017 19:56,2065,Lake Shore Dr & Monroe St,Field Museum,Customer,,
1432352,23-06-2017 21:11,23-06-2017 21:32,1235,Michigan Ave & Lake St,Lake Shore Dr & Monroe St,Customer,,
534236,14-04-2017 13:42,14-04-2017 14:01,1136,Lincoln Ave & Fullerton Ave,Clark St & Armitage Ave,Customer,,
1272594,14-06-2017 06:39,14-06-2017 06:51,708,Indiana Ave & Roosevelt Rd,Columbus Dr & Randolph St,Subscriber,Male,1979
888358,18-05-2017 16:54,18-05-2017 17:09,910,Wood St & Taylor St,Clinton St & Madison St,Subscriber,Male,1969
174087,14-02-2017 17:45,14-02-2017 17:54,562,Green St & Madison St,Racine Ave & Congress Pkwy,Subscriber,Male,1974
60145,20-01-2017 16:31,20-01-2017 16:36,299,Clark St & Randolph St,Clinton St & Jackson Blvd,Subscriber,Male,1962
1278831,14-06-2017 14:24,14-06-2017 14:31,410,Lincoln Ave & Roscoe St,Damen Ave & Wellington Ave,Subscriber,Male,1987
93628,26-01-2017 19:21,26-01-2017 19:24,167,Clinton St & Madison St,Clinton St & Lake St,Subscriber,Male,1979
217057,19-02-2017 15:24,19-02-2017 15:59,2074,Lake Shore Dr & Monroe St,Theater on the Lake,Customer,,
223660,20-02-2017 12:11,20-02-2017 12:15,249,Morgan St & Polk St,Loomis St & Lexington St,Subscriber,Male,1983
915306,22-05-2017 04:16,22-05-2017 04:28,710,Loomis St & Jackson Blvd,Wabash Ave & 8th St,Subscriber,Male,1961
1418718,23-06-2017 09:11,23-06-2017 09:19,468,Canal St & Madison St,Michigan Ave & Washington St,Subscriber,Male,1972
155678,11-02-2017 09:20,11-02-2017 09:30,614,Clark St & Lincoln Ave,Wells St & Huron St,Subscriber,Female,1990
1441896,24-06-2017 14:03,24-06-2017 14:06,212,Ashland Ave & Augusta Blvd,Wood St & Division St,Subscriber,Male,1984
1528003,29-06-2017 15:37,29-06-2017 15:41,258,Clinton St & Madison St,Canal St & Harrison St,Subscriber,Male,1952
889395,18-05-2017 17:24,18-05-2017 17:35,658,Franklin St & Monroe St,900 W Harrison St,Subscriber,Male,1989
1292381,15-06-2017 16:32,15-06-2017 17:08,2154,Streeter Dr & Grand Ave,Field Museum,Customer,,
959513,26-05-2017 07:01,26-05-2017 07:11,550,Lincoln Ave & Belle Plaine Ave,Pine Grove Ave & Irving Park Rd,Subscriber,Male,1985
607911,20-04-2017 17:01,20-04-2017 17:07,360,Green St & Randolph St,Canal St & Monroe St (*),Subscriber,Male,1967
249295,23-02-2017 06:06,23-02-2017 06:12,334,Orleans St & Merchandise Mart Plaza,Franklin St & Quincy St,Subscriber,Male,1990
601897,20-04-2017 07:48,20-04-2017 07:52,198,Clark St & Montrose Ave,Ravenswood Ave & Montrose Ave (*),Subscriber,Male,1987
171842,14-02-2017 14:02,14-02-2017 14:04,112,Canal St & Harrison St,Canal St & Taylor St,Subscriber,Male,1991
1375607,20-06-2017 17:44,20-06-2017 18:19,2143,Michigan Ave & Jackson Blvd,Lake Shore Dr & Diversey Pkwy,Subscriber,Female,1980
661566,25-04-2017 15:59,25-04-2017 16:40,2443,Lake Shore Dr & Monroe St,Field Museum,Customer,,
1505933,27-06-2017 22:15,27-06-2017 22:24,486,Halsted St & Blackhawk St (*),Franklin St & Chicago Ave,Subscriber,Male,1991
1126817,05-06-2017 16:56,05-06-2017 17:06,590,Fairbanks Ct & Grand Ave,Clinton St & Washington Blvd,Subscriber,Male,1972
1409390,22-06-2017 16:50,22-06-2017 16:56,380,Desplaines St & Kinzie St,State St & Kinzie St,Subscriber,Male,1980
393827,24-03-2017 13:08,24-03-2017 13:53,2696,Lake Shore Dr & Ohio St,Lake Shore Dr & Ohio St,Customer,,
608987,20-04-2017 17:36,20-04-2017 17:53,1018,Wells St & Evergreen Ave,Lakeview Ave & Fullerton Pkwy,Subscriber,Female,1992
506016,11-04-2017 07:10,11-04-2017 07:26,960,Clinton St & Jackson Blvd,Hermitage Ave & Polk St,Subscriber,Male,1951
869445,17-05-2017 10:42,17-05-2017 10:48,312,Rush St & Superior St,Clark St & Elm St,Subscriber,Female,1985
1405813,22-06-2017 12:45,22-06-2017 13:00,930,Lakeview Ave & Fullerton Pkwy,Theater on the Lake,Customer,,
1169717,08-06-2017 08:46,08-06-2017 08:51,304,Loomis St & Lexington St,Wolcott Ave & Polk St,Subscriber,Female,1991
356164,17-03-2017 19:24,17-03-2017 19:42,1050,St. Clair St & Erie St,Larrabee St & Armitage Ave,Subscriber,Male,1989
1174149,08-06-2017 14:36,08-06-2017 16:08,5519,Halsted St & Dickens Ave,Michigan Ave & Lake St,Customer,,
158204,11-02-2017 16:23,11-02-2017 16:25,82,Chicago Ave & Washington St,Chicago Ave & Washington St,Subscriber,Male,1966
122316,03-02-2017 08:11,03-02-2017 08:16,269,Southport Ave & Clybourn Ave,Clifton Ave & Armitage Ave,Subscriber,Male,1970
797376,12-05-2017 09:23,12-05-2017 09:25,115,Racine Ave & Belmont Ave,Wilton Ave & Belmont Ave,Subscriber,Male,1988
1056990,01-06-2017 17:23,01-06-2017 17:36,758,Canal St & Taylor St,Michigan Ave & 18th St,Subscriber,Male,1983
807632,12-05-2017 23:43,12-05-2017 23:59,957,Racine Ave & Randolph St,Halsted St & Willow St,Subscriber,Male,1989
1262335,13-06-2017 14:00,13-06-2017 14:04,237,Broadway & Barry Ave,Wilton Ave & Belmont Ave,Subscriber,Male,1988
1225924,11-06-2017 11:41,11-06-2017 11:44,180,Mies van der Rohe Way & Chestnut St,Mies van der Rohe Way & Chestnut St,Customer,,
620086,21-04-2017 18:33,21-04-2017 18:43,606,Leavitt St & Armitage Ave,California Ave & Division St,Subscriber,Male,1989
1247883,12-06-2017 16:28,12-06-2017 16:46,1075,Dusable Harbor,Desplaines St & Randolph St,Subscriber,Female,1967
1094683,03-06-2017 17:33,03-06-2017 17:52,1161,Burnham Harbor,Dusable Harbor,Customer,,
974670,27-05-2017 14:10,27-05-2017 14:32,1317,Dearborn St & Erie St,Southport Ave & Clybourn Ave,Customer,,
626099,22-04-2017 15:03,22-04-2017 16:31,5265,Millennium Park,Indiana Ave & Roosevelt Rd,Customer,,
979489,27-05-2017 17:05,27-05-2017 17:16,685,Morgan St & Lake St,Larrabee St & Kingsbury St,Subscriber,Female,1982
190219,17-02-2017 14:05,17-02-2017 14:07,130,Damen Ave & Chicago Ave,Damen Ave & Augusta Blvd,Subscriber,Male,1975
149151,09-02-2017 17:11,09-02-2017 17:18,424,Wabash Ave & Wacker Pl,Canal St & Adams St,Subscriber,Male,1982
911495,21-05-2017 15:13,21-05-2017 15:22,530,Michigan Ave & Pearson St,Fairbanks Ct & Grand Ave,Customer,,
1496835,27-06-2017 15:57,27-06-2017 16:18,1272,State St & Kinzie St,Theater on the Lake,Subscriber,Male,1978
1230419,11-06-2017 14:46,11-06-2017 15:09,1334,Rockwell St & Eastwood Ave,Broadway & Wilson Ave,Subscriber,Male,1986
1210171,10-06-2017 13:29,10-06-2017 14:01,1917,Morgan St & Polk St,Millennium Park,Customer,,
166123,13-02-2017 16:26,13-02-2017 16:36,619,Mies van der Rohe Way & Chicago Ave,Daley Center Plaza,Subscriber,Female,1976
1459802,25-06-2017 13:29,25-06-2017 13:46,1007,LaSalle St & Illinois St,Michigan Ave & Washington St,Customer,,
1547987,30-06-2017 18:09,30-06-2017 18:16,406,Morgan St & Polk St,Aberdeen St & Jackson Blvd,Subscriber,Female,1997
821496,13-05-2017 20:13,13-05-2017 20:29,930,Damen Ave & Augusta Blvd,Humboldt Blvd & Armitage Ave,Subscriber,Female,1989
678258,26-04-2017 18:07,26-04-2017 18:23,960,Clinton St & Madison St,Clark St & Schiller St,Subscriber,Female,1982
27831,11-01-2017 08:41,11-01-2017 08:52,635,Michigan Ave & Washington St,Franklin St & Chicago Ave,Subscriber,Male,1963
453857,04-04-2017 16:35,04-04-2017 16:47,715,Dearborn St & Monroe St,Columbus Dr & Randolph St,Subscriber,Male,1987
1365441,20-06-2017 07:42,20-06-2017 07:55,795,Morgan St & Polk St,Franklin St & Monroe St,Subscriber,Male,1989
520385,12-04-2017 16:55,12-04-2017 17:12,980,Franklin St & Monroe St,Fairbanks Ct & Grand Ave,Subscriber,Female,1986
83207,24-01-2017 17:58,24-01-2017 18:00,145,Wilton Ave & Belmont Ave,Broadway & Belmont Ave,Subscriber,Female,1990
443216,02-04-2017 15:55,02-04-2017 16:06,714,Clark St & Elm St,Larrabee St & Webster Ave,Subscriber,Male,1990
773083,09-05-2017 18:17,09-05-2017 18:38,1274,Michigan Ave & Oak St,Lake Shore Dr & Belmont Ave,Customer,,
1283417,15-06-2017 05:45,15-06-2017 05:57,750,Michigan Ave & Washington St,Larrabee St & Kingsbury St,Subscriber,Male,1981
1418045,23-06-2017 08:31,23-06-2017 08:35,247,Michigan Ave & Jackson Blvd,Michigan Ave & Madison St,Subscriber,Male,1967
1135253,06-06-2017 08:08,06-06-2017 08:21,769,McClurg Ct & Erie St,Franklin St & Monroe St,Subscriber,Male,1988
2337,02-01-2017 11:28,02-01-2017 11:46,1076,Desplaines St & Kinzie St,Desplaines St & Kinzie St,Subscriber,Male,1985
331491,10-03-2017 13:19,10-03-2017 13:46,1589,Clinton St & Madison St,Clark St & 9th St (AMLI),Subscriber,Male,1982
1003948,29-05-2017 13:01,29-05-2017 13:12,603,Wabash Ave & Wacker Pl,Streeter Dr & Grand Ave,Customer,,
